title,company,location,link
"React/Vue Engineer, Digital Consumer Products, fully remote",Superformula,No office location,https://stackoverflow.com/jobs/461414
Technical Lead (Vue.js),Coda Payments,Singapore,https://stackoverflow.com/jobs/523195
Vue.js Entwickler,Computer FuturesviaComputer Futures Solutions GmbH,via,https://stackoverflow.com/jobs/524475
"Front End Engineer (JavaScript, D3, VueJS)",Modus Create,No office location,https://stackoverflow.com/jobs/548411
Software Developer Vue.js (m/f/d),shopware AG,"Schöppingen, Deutschland",https://stackoverflow.com/jobs/549078
Frontend Developer (Vue.js),The Motley Fool Inc,No office location,https://stackoverflow.com/jobs/536121
"Front-End Developer (HTML, CSS, Vue.js, Animation)",Limesharp,No office location,https://stackoverflow.com/jobs/132347
Full-stack Laravel and Vue.js Developer,Scalable Path,No office location,https://stackoverflow.com/jobs/533469
Senior Frontend Developer (m/f/d) Vue,Laserhub GmbH,"Stuttgart, Deutschland",https://stackoverflow.com/jobs/539731
Vue.js Developer (Remote),X-Team,No office location,https://stackoverflow.com/jobs/534462
Frontend Engineer – Vue.js,SpotMe,No office location,https://stackoverflow.com/jobs/535271
"Full Stack Engineer - Junior to Senior - Vue.js, Go",Ezoic,"Carlsbad, CA",https://stackoverflow.com/jobs/427867
Fullstack Engineer (VueJS und Golang),Paessler AG,No office location,https://stackoverflow.com/jobs/539998
JavaScript/Vue.js Developer - EdTech player oferring high-quality online courses,Pentalog,No office location,https://stackoverflow.com/jobs/530839
Fullstack Engineer – Node.js & Vue.js,SpotMe,No office location,https://stackoverflow.com/jobs/522023
"Senior Software Engineer - Go, Vue.js, Machine Learning",Ezoic,"Carlsbad, CA",https://stackoverflow.com/jobs/427866
Senior Frontend Developer React/Angular/Vue,Sytac IT Consulting,"Amsterdam, Netherlands",https://stackoverflow.com/jobs/524937
Senior Laravel / VUE Developer (Remote),Curotec,No office location,https://stackoverflow.com/jobs/545690
Full Stack Developer - PHP and VueJS (f/m/d),CA Customer Alliance GmbH,"Berlin, Germany",https://stackoverflow.com/jobs/528320
Join a rapid-growth startup- Full-stack Developer with Node.js & Vue.js (Mexico),Pentalog,"Guadalajara, Mexico",https://stackoverflow.com/jobs/536809
Senior Full Stack Laravel & Vue.js,Worksome ApS,"København, Denmark",https://stackoverflow.com/jobs/503422
Lead Front-end Engineer (Vue.js - UK/EU Remote),Virtuoso,"London, UK",https://stackoverflow.com/jobs/540732
Experienced Vuejs UX/UI frontend developer (m/f/d),metoda GmbH,"München, Deutschland",https://stackoverflow.com/jobs/539496
"Full Stack Developer (GraphQL, VueJS, Laravel) Office or Remote",Limesharp,"London, UK",https://stackoverflow.com/jobs/462636
Développeur Fullstack JAVA / Javascript (H/F),La Combe du Lion Vert,"Paris, France",https://stackoverflow.com/jobs/504197
Senior Full-Stack PHP Developer,GeoPhy B.V.,"Den Haag, Netherlands",https://stackoverflow.com/jobs/523421
Développeur Crafteur JAVA (H/F),La Combe du Lion Vert,"Paris, France",https://stackoverflow.com/jobs/499582
DevOps Engineer (AWS),Modus Create,No office location,https://stackoverflow.com/jobs/534503
Atlassian Consultant,Modus Create,No office location,https://stackoverflow.com/jobs/536308
Senior Front End Engineer (React),Modus Create,No office location,https://stackoverflow.com/jobs/530662
"Full Stack Data Lead (AWS, Python)",Modus Create,No office location,https://stackoverflow.com/jobs/539789
Cyber Security Architect (AWS),Modus Create,No office location,https://stackoverflow.com/jobs/541305
Python Developer,Sytac IT Consulting,"Haarlem, Netherlands",https://stackoverflow.com/jobs/534018
Backend Engineer,Sytac IT Consulting,"Amsterdam, Netherlands",https://stackoverflow.com/jobs/524936
DevOps Engineer,Sytac IT Consulting,"Haarlem, Netherlands",https://stackoverflow.com/jobs/534200
Angular Architect,Modus Create,No office location,https://stackoverflow.com/jobs/538110
Engineering Manager (m/f/d) - Web Development,e-bot7 GmbH,"Munich, Germany",https://stackoverflow.com/jobs/541494
Lead UX/UI Designer (m/f/d),e-bot7 GmbH,"Munich, Germany",https://stackoverflow.com/jobs/541496
Haskell Software Engineer,e-bot7 GmbH,"Munich, Germany",https://stackoverflow.com/jobs/549087
UI Engineer - Apple Media Products,Apple,"Seattle, WA",https://stackoverflow.com/jobs/548843
UI Engineer - Apple Media Products,Apple,"Seattle, WA",https://stackoverflow.com/jobs/548822
Senior Front-end / JS Developer (Remote),iubenda,"Milan, Italy",https://stackoverflow.com/jobs/530802
Java Software Engineer,HICX,"Lima, Peru",https://stackoverflow.com/jobs/548585
Information Systems and Technology Internship,Apple,"Tokyo, Japan",https://stackoverflow.com/jobs/543434
Lead PHP Developer (Remote),Viralstyle,"Tampa, FL",https://stackoverflow.com/jobs/543486
"Senior Engineer (Backend, Frontend or Mobile) at Juit",Oetker Digital GmbH,"Berlin, Germany",https://stackoverflow.com/jobs/541681
Javascript Fullstack Developer,Centogene GmbH,"Belgrade, Serbia",https://stackoverflow.com/jobs/544644
(Senior) Frontend Engineer (m/f/d),Lendico Deutschland GmbH,"Berlin, Deutschland",https://stackoverflow.com/jobs/526326
Lead Software Engineer - Hypergrowth Biotech startup helping dogs!,Embark Veterinary Inc.,"Boston, MA",https://stackoverflow.com/jobs/510445
PHP Entwickler (Backend oder Full Stack)(m/w/d),WunschGutschein,"Düsseldorf, Deutschland",https://stackoverflow.com/jobs/365530
Lead Front-End Developer,UPowr Pty Ltd,"Sydney, Australia",https://stackoverflow.com/jobs/501472
PHP Entwickler (Backend oder Full Stack)(m/w/d),WunschGutschein,"Düsseldorf, Deutschland",https://stackoverflow.com/jobs/365530
Senior Python/Django Full-stack Developer,Apicbase Belgium,No office location,https://stackoverflow.com/jobs/515716
Frontend Developer (m/w/d),OBI Group Holding SE & Co. KGaA,"Köln, Deutschland",https://stackoverflow.com/jobs/533991
Full-Stack Web Developer Java,WPS Management GmbH,"Paderborn, Deutschland",https://stackoverflow.com/jobs/125395
Frontend Developer (LATAM REMOTE),Arative Technologies,No office location,https://stackoverflow.com/jobs/528678
Frontend-Entwickler (m/w/d),Meierhofer AG,"München, Deutschland",https://stackoverflow.com/jobs/372319
Full Stack Developer (PHP),Carex Consulting GroupviaCarex Consulting Group,via,https://stackoverflow.com/jobs/540887
Frontend Developer (w/m/d),MASSIVE ART WebServices GmbH,"Wien, Österreich",https://stackoverflow.com/jobs/529757
Full-Stack Web Developer (m/w/d) Remote,asgoodasnew electronics GmbH,"Berlin, Deutschland",https://stackoverflow.com/jobs/529765
Frontend Developer (m/f/d),WPS Management GmbH,"Paderborn, Deutschland",https://stackoverflow.com/jobs/293572
Software Architect / Code Reviewer / Mentor - Part-time,Arcanys,No office location,https://stackoverflow.com/jobs/485542
Software Engineer - Hypergrowth Biotech startup helping dogs!,Embark Veterinary Inc.,"Boston, MA",https://stackoverflow.com/jobs/526658
Senior Software Developer,Quantum Mob,"Toronto, ON, Canada",https://stackoverflow.com/jobs/546343
Frontend Web Developer (m/w/d),EyeC GmbH,"Hamburg, Deutschland",https://stackoverflow.com/jobs/408135
Web Frontend Developer with an eye for professional user experience (m/f/d),Ergosign,"Saarbrücken, Deutschland",https://stackoverflow.com/jobs/456766
Senior Software Engineer (m/w/d) Python,Cornelsen Verlag GmbH,"Berlin, Deutschland",https://stackoverflow.com/jobs/537066
Senior Software Engineer - Front End,Capital One Financial Corporation,"Plano, TX",https://stackoverflow.com/jobs/544688
Bioinformatician/Software Developer,Centogene GmbH,"Berlin, Germany",https://stackoverflow.com/jobs/535245
Senior Frontend Engineer,Singapore Innovate Pte. Ltd,Singapore,https://stackoverflow.com/jobs/529920
(Senior) Software Engineer Frontend (m/w/d),Novatec Consulting GmbH,"Berlin, Germany",https://stackoverflow.com/jobs/531047
Senior Software Engineer - Order Management Systems R10501,"Chewy, Inc.","Dania Beach, FL",https://stackoverflow.com/jobs/545542
"Manager, Software Engineering - Front End",Capital One Financial Corporation,"Plano, TX",https://stackoverflow.com/jobs/548895
Full-Stack Developer,FlexEarn,"London, UK",https://stackoverflow.com/jobs/485775
Web-Frontend-Entwickler (D/M/W),PRADTKE GMBH,"Bochum, Deutschland",https://stackoverflow.com/jobs/527865
Backend Software Engineer - SDVI Rally Core,SDVI,No office location,https://stackoverflow.com/jobs/451625
Senior Front-End Developer,Jibble,No office location,https://stackoverflow.com/jobs/548576
Frontend Entwickler (w/m/d),brandung GmbH & Co. KG,"Köln, Deutschland",https://stackoverflow.com/jobs/252522
"(Senior) Frontend Engineer (m/w/d), Köln oder Gütersloh",Schüttflix GmbH,"Cologne, Germany",https://stackoverflow.com/jobs/525579
"full-stack web developer (node.js, typescript)",code d'azur,"Amsterdam, Netherlands",https://stackoverflow.com/jobs/522428
"Frontend Developer (Marketplace, Blue Team)",eMAG,"Bucharest, Romania",https://stackoverflow.com/jobs/542975
Senior Software Engineer - Front End,Capital One Financial Corporation,"Plano, TX",https://stackoverflow.com/jobs/544688
Softwareentwickler Frontend (w/m/d) Karlsruhe/Bielefeld,STARFACE GmbH,"Karlsruhe, Deutschland",https://stackoverflow.com/jobs/546434
Master Software Engineer - Front End,Capital One Financial Corporation,"Plano, TX",https://stackoverflow.com/jobs/544613
Software Engineer (Full Stack),Parenthetic,No office location,https://stackoverflow.com/jobs/527828
Senior Software Engineer - Order Management Systems R10501,"Chewy, Inc.","Minneapolis, MN",https://stackoverflow.com/jobs/545544
Frontend developer (NextJS/React) with a passion for open source,5 Monkeys Agency ABvia5 Monkeys Agency AB,via,https://stackoverflow.com/jobs/546430
Senior Frontend Engineer,Singapore Innovate Pte. Ltd,Singapore,https://stackoverflow.com/jobs/529920
Software Engineer,UpMetrics,No office location,https://stackoverflow.com/jobs/496289
Full-Stack Software Engineer,Captivation Software,"Fort Meade, MD",https://stackoverflow.com/jobs/525427
Back-End Developer (i.e. Python),Imaginary Cloud,No office location,https://stackoverflow.com/jobs/546438
Senior Software Engineer,Zearn,"New York, NY",https://stackoverflow.com/jobs/547917
Frontend Engineer at Bosch IoT Start-up,Security and Safety Things GmbH (A Bosch IoT Start-Up),"Eindhoven, Netherlands",https://stackoverflow.com/jobs/522738
Full Stack Developer,Quantum Mob,"Toronto, ON, Canada",https://stackoverflow.com/jobs/546342
Software Engineer - Frontend,ZALORA,"Ho Chi Minh City, Vietnam",https://stackoverflow.com/jobs/536783
Senior Fullstack Developer with strong Front End capabilities,Mimecast,"Torun, Poland",https://stackoverflow.com/jobs/529874
Senior Software Engineer - Order Management Systems R10501,"Chewy, Inc.","Dania Beach, FL",https://stackoverflow.com/jobs/545542
Javascript Developer (React.js/Node.js),Imaginary Cloud,No office location,https://stackoverflow.com/jobs/546680
Remote Software Developer - Pricing,O'Reilly Auto Parts,No office location,https://stackoverflow.com/jobs/544683
Full-Stack Developer,FlexEarn,"London, UK",https://stackoverflow.com/jobs/485775
Proficient PHP/Symfony Developer,roadsurfer GmbH,"München, Deutschland",https://stackoverflow.com/jobs/497587
Software Architect Storefront (m/f/d),shopware AG,No office location,https://stackoverflow.com/jobs/548439
Senior Web UI Engineer (Contract),Demand.io,"Los Angeles, CA",https://stackoverflow.com/jobs/523582
Frontend Engineer at Bosch IoT Start-up,Security and Safety Things GmbH (A Bosch IoT Start-Up),"Eindhoven, Netherlands",https://stackoverflow.com/jobs/522738
Full Stack Developer,Quantum Mob,"Toronto, ON, Canada",https://stackoverflow.com/jobs/546342
Senior Frontend Developer,Centogene GmbH,"Beograd, Serbia",https://stackoverflow.com/jobs/525830
Remote Software Developer - Pricing,O'Reilly Auto Parts,No office location,https://stackoverflow.com/jobs/544683
Software Engineer - Frontend,ZALORA,"Ho Chi Minh City, Vietnam",https://stackoverflow.com/jobs/536783
Software Engineer (Full Stack),Parenthetic,No office location,https://stackoverflow.com/jobs/527828
Javascript Developer (React.js/Node.js),Imaginary Cloud,No office location,https://stackoverflow.com/jobs/546680
Frontend developer (NextJS/React) with a passion for open source,5 Monkeys Agency ABvia5 Monkeys Agency AB,via,https://stackoverflow.com/jobs/546430
Senior Software Engineer - Order Management Systems R10501,"Chewy, Inc.","Boston, MA",https://stackoverflow.com/jobs/545543
Full-Stack Software Engineer,Captivation Software,"Fort Meade, MD",https://stackoverflow.com/jobs/525427
Frontend Software Developer (f/m/d) for SaaS products,Trusted Shops GmbH,No office location,https://stackoverflow.com/jobs/538370
Digital-Senior Software/Lead Engineer-System Infra,FactSet,"Hyderabad, India",https://stackoverflow.com/jobs/461321
Senior Software Engineer,Zearn,"New York, NY",https://stackoverflow.com/jobs/547917
Domain-Driven Engineer - Java (m/f/d),ProSiebenSat.1 Media SE,"München, Deutschland",https://stackoverflow.com/jobs/537617
Lead Software Engineer (Core Engineering) at SaaS Healthcare Company,The Jellyvision Lab Inc.,No office location,https://stackoverflow.com/jobs/522831
Senior JavaScript Developer,Särmä Digital Oy,No office location,https://stackoverflow.com/jobs/330722
Senior Fullstack Developer with strong Front End capabilities,Mimecast,"Torun, Poland",https://stackoverflow.com/jobs/529874
"Software Engineer, Frontend (Remote)",Brex,No office location,https://stackoverflow.com/jobs/525275
Full Stack Web Developer (m/w/d),EyeC GmbH,"Hamburg, Deutschland",https://stackoverflow.com/jobs/408137
Senior Frontend Engineer - Databento (Fully Remote),Unusual Ventures,No office location,https://stackoverflow.com/jobs/524277
Join the Crew – Ambitious Full Stack Software Engineer (all genders),Spaceteams GmbH,"Hamburg, Germany",https://stackoverflow.com/jobs/521784
Sr Software Engineer - Full Stack,Capital One Financial Corporation,"Plano, TX",https://stackoverflow.com/jobs/545274
Full Stack Support Engineer (f/m/d),Receeve GmbH,"Hamburg, Deutschland",https://stackoverflow.com/jobs/541075
Senior Software Engineer,ZAIKO K.K.,"Minato City, Japan",https://stackoverflow.com/jobs/524414
Front End Software Engineer – HPC Products,DUG Technology,"West Perth, Australia",https://stackoverflow.com/jobs/528137
*REMOTE* Senior Kotlin (Java) Backend Engineer (m/w/d) TVNOW Streaming Plattform,"AVANTGARDE - ""Creating Fans""",No office location,https://stackoverflow.com/jobs/468935
Senior Javascript Engineer,livingdocs,"Zürich, Switzerland",https://stackoverflow.com/jobs/544121
Cloud Software Engineer Fullstack,Franke Kaffeemaschinen AG,"Aarburg, Schweiz",https://stackoverflow.com/jobs/436902
Backend Engineer,Alice,"São Paulo, Brazil",https://stackoverflow.com/jobs/513756
Softwareentwickler /-developer (Informatiker / Fachinformatiker) – auch Quereins,ENKO Software GmbH & Co. KG,"Föhren, Deutschland",https://stackoverflow.com/jobs/545479
Full stack developer,Online Partner AB,"Hägersten, Sweden",https://stackoverflow.com/jobs/339146
Front-End Developer (i.e. Angular.js),Imaginary Cloud,No office location,https://stackoverflow.com/jobs/547857
Backend Engineer 80-100% (f/m/d),Homegate,"Berlin, Germany",https://stackoverflow.com/jobs/543690
Senior / Lead Frontend Developer (m/w/x),Ray Sono AG,"München, Deutschland",https://stackoverflow.com/jobs/544639
Full Stack Developer (m/w/d),"Sthree GmbHviaProgressive, ein Geschäftszweig der SThree GmbH",via,https://stackoverflow.com/jobs/524038
CDI - Back-End Developper - Rennes,Steeple,"Rennes, France",https://stackoverflow.com/jobs/530505
Software Architect Storefront (m/f/d),shopware AG,No office location,https://stackoverflow.com/jobs/548439
"Senior Software Engineer, (Javascript/Typescript, React/Redux,Node)",Even Financial,"New York, NY",https://stackoverflow.com/jobs/546723
Full-Stack Technical Lead,SSENSE,"Austin, TX",https://stackoverflow.com/jobs/521737
Frontend Engineer (f/m/d),VoiceLine,"Munich, Germany",https://stackoverflow.com/jobs/522164
"Senior frontend-utvecklare (valfritt ramverk) till Cygni, part of Accenture","Cygni, part of Accenture","Stockholm, Sweden",https://stackoverflow.com/jobs/447407
Join the Crew – Ambitious Full Stack Software Engineer (all genders),Spaceteams GmbH,"Hamburg, Germany",https://stackoverflow.com/jobs/521784
"Backend Developer - JavaScript/Typescript (m/w/d) in Bonn, Berlin oder Köln",tarent solutions GmbH,"Bonn, Deutschland",https://stackoverflow.com/jobs/538095
Senior React Native Developer (100% Remote),Whitespectre,No office location,https://stackoverflow.com/jobs/548450
"Software Engineer, Frontend (Remote)",Brex,No office location,https://stackoverflow.com/jobs/525275
Agile Software Entwickler / Developer PHP (m/w/d),CTS EVENTIM AG & Co. KG aA,"Bremen, Deutschland",https://stackoverflow.com/jobs/530240
Senior Web UI Engineer (Contract),Demand.io,"Los Angeles, CA",https://stackoverflow.com/jobs/523582
Proficient PHP/Symfony Developer,roadsurfer GmbH,"München, Deutschland",https://stackoverflow.com/jobs/497587
Senior Javascript Engineer,"Jack Henry & Associates, Inc.®",No office location,https://stackoverflow.com/jobs/546563
"Frontend Software Engineer, Customer Service Platform",ByteDance,Singapore,https://stackoverflow.com/jobs/541573
Agile Software Entwickler / Developer PHP (m/w/d),CTS EVENTIM AG & Co. KG aA,"Bremen, Deutschland",https://stackoverflow.com/jobs/530240
Senior Javascript Engineer,livingdocs,"Zürich, Switzerland",https://stackoverflow.com/jobs/544121
Fullstack Software Engineer (Java) - Hong Kong,Zuhlke Engineering Hongkong,Hong Kong,https://stackoverflow.com/jobs/454966
"Backend Developer - JavaScript/Typescript (m/w/d) in Bonn, Berlin oder Köln",tarent solutions GmbH,"Bonn, Deutschland",https://stackoverflow.com/jobs/538095
Softwareentwickler (m/w/d) Web Frontend - Remote oder vor Ort,dsb ebusiness,"Frankfurt am Main, Deutschland",https://stackoverflow.com/jobs/521137
Full-Stack Technical Lead,SSENSE,"Montreal, QC, Canada",https://stackoverflow.com/jobs/521742
Senior Software Engineer,Enovational,"Washington, DC",https://stackoverflow.com/jobs/420640
Software Engineer/ Senior Software Engineer - JavaScript Developer,FactSet,"Hyderabad, India",https://stackoverflow.com/jobs/506362
Software Engineer- Android,Stable Kernel,"Atlanta, GA",https://stackoverflow.com/jobs/527851
Frontend Developer m/w/d,MARC O'POLO International GmbH,"Stephanskirchen, Deutschland",https://stackoverflow.com/jobs/534473
Frontend Developer / Headless Expert,Magnolia International Ltd.,No office location,https://stackoverflow.com/jobs/525573
Backend Engineer 80-100% (f/m/d),Homegate,"Berlin, Germany",https://stackoverflow.com/jobs/543690
Software Engineering Manager,Quantum Mob,"Toronto, ON, Canada",https://stackoverflow.com/jobs/536853
Senior Ruby on Rails Developer - Solve interesting problems from home!,Ascent,No office location,https://stackoverflow.com/jobs/503122
Experienced Ruby Developer,SimplePay,No office location,https://stackoverflow.com/jobs/516780
Lead Software Engineer (Core Engineering) at SaaS Healthcare Company,The Jellyvision Lab Inc.,No office location,https://stackoverflow.com/jobs/522831
Testautomatisierer (m/w/d),Computer FuturesviaComputer Futures Solutions GmbH,via,https://stackoverflow.com/jobs/524714
Senior Full Stack Developer (f/m/x),Parkside,"Graz, Austria",https://stackoverflow.com/jobs/546661
Full Stack Developer (Django + React),Self Decode,No office location,https://stackoverflow.com/jobs/524866
Software Entwickler PHP e-Commerce (f/m/d),silver.solutions GmbH,"Berlin, Deutschland",https://stackoverflow.com/jobs/547850
Senior UI Software Engineer,VIZIO,"Denver, CO",https://stackoverflow.com/jobs/522671
Frontend Software Engineer (Mid-Level),"Foodspace Technology, Inc.",No office location,https://stackoverflow.com/jobs/537675
Web Developer (m/f/d),Ravensburger AG,"Malmö, Schweden",https://stackoverflow.com/jobs/499585
Frontend Developer m/w/d,MARC O'POLO International GmbH,"Stephanskirchen, Deutschland",https://stackoverflow.com/jobs/534473
Software Entwickler PHP e-Commerce (f/m/d),silver.solutions GmbH,"Berlin, Deutschland",https://stackoverflow.com/jobs/547850
Senior UI Software Engineer,VIZIO,"Denver, CO",https://stackoverflow.com/jobs/522671
Senior Software Engineer - Front End,Keap,No office location,https://stackoverflow.com/jobs/492300
Solution Architect,Enovational,"Washington, DC",https://stackoverflow.com/jobs/420637
Senior Full Stack Developer (f/m/x),Parkside,"Graz, Austria",https://stackoverflow.com/jobs/546661
Software Engineering,"JPMorgan Chase Bank, N.A.","Plano, TX",https://stackoverflow.com/jobs/548372
DevOps Engineering,MUFG,"Tempe, AZ",https://stackoverflow.com/jobs/540212
Frontend Software Engineer (Mid-Level),"Foodspace Technology, Inc.",No office location,https://stackoverflow.com/jobs/537675
Developer Frontend/ Backend/ Fullstack m/w/d,MARC O'POLO International GmbH,"Stephanskirchen, Deutschland",https://stackoverflow.com/jobs/519513
Fullstack Software Engineer (Java) - Hong Kong,Zuhlke Engineering Hongkong,Hong Kong,https://stackoverflow.com/jobs/454966
Web-Frontend-Entwickler (m/w/d),Kittelberger GmbH Lichtsatz EDV Informationsverarbeitung,"Reutlingen, Deutschland",https://stackoverflow.com/jobs/538322
Software Developer (gn) C# / .NET,SoftwareONE Deutschland GmbH,"Leipzig, Germany",https://stackoverflow.com/jobs/526078
Technical Lead PWA (m/f/d),shopware AG,No office location,https://stackoverflow.com/jobs/541482
Project Developer JavaScript,FactSet,"Frankfurt am Main, Germany",https://stackoverflow.com/jobs/525854
Full Stack Developer (Python),Bromium UK Limited,"Cambridge, UK",https://stackoverflow.com/jobs/548767
Full Stack/PHP Engineer,Domo,"Bristol, UK",https://stackoverflow.com/jobs/533787
Software Engineer (m/w/d),wearTell Deutschland GmbH,"Hamburg, Deutschland",https://stackoverflow.com/jobs/518590
Frontend Developer / Headless Expert,Magnolia International Ltd.,No office location,https://stackoverflow.com/jobs/525573
PHP (FullStack) Entwickler (m/w/d) 100% Remote,Computer FuturesviaComputer Futures Solutions GmbH,via,https://stackoverflow.com/jobs/524216
Frontend Developer für stark wachsende Employee-App,Flip GmbH,"Stuttgart, Deutschland",https://stackoverflow.com/jobs/516929
Junior Front-End Developer (f/m/d),centum-amm Deutschland GmbH,"München, Deutschland",https://stackoverflow.com/jobs/539441
Frontend Engineer,aklamio,"Berlin, Germany",https://stackoverflow.com/jobs/544667
Hackers wanted - Software Engineer & Machine Learning Expert (m/f/d),freiheit.com technologies,"Lissabon, Portugal",https://stackoverflow.com/jobs/254089
Software Engineer / Developer (Full-Stack),ZEISS Group,"Clovelly Park, Australia",https://stackoverflow.com/jobs/529304
Full Stack Software Engineer - Payments,"JPMorgan Chase Bank, N.A.","Plano, TX",https://stackoverflow.com/jobs/543783
"(Senior) Backend Developer (m/w/d), Köln oder Gütersloh",Schüttflix GmbH,"Köln, Deutschland",https://stackoverflow.com/jobs/530252
Web Developer (m/f/d),Ravensburger AG,"Seattle, WA, USA",https://stackoverflow.com/jobs/497853
Full Stack Web Developer (remote/onsite),BeamNG GmbH,No office location,https://stackoverflow.com/jobs/532816
Frontend Entwickler (m/w/d),webbrand GmbH,No office location,https://stackoverflow.com/jobs/541508
Web Developer (m/w/d),freeyou AG,"Köln, Deutschland",https://stackoverflow.com/jobs/547846
Frontend Engineer (Messaging team),Adevinta,"Barcelona, Spain",https://stackoverflow.com/jobs/546443
Senior Full-stack Web Developer,F-Secure,"Poznań, Poland",https://stackoverflow.com/jobs/526479
(Senior) Frontend Developer,EXXETA AG,"München, Deutschland",https://stackoverflow.com/jobs/534485
Senior Web/Mobile Developer (m/w/d),Lotum GmbH,"Frankfurt am Main, Deutschland",https://stackoverflow.com/jobs/372988
Cloud Solution Architect,Frauscher Sensor Technology,"Vienna, Austria",https://stackoverflow.com/jobs/529576
Frontend-Entwickler (m/w/d),Heise Knowledge GmbH,"Hannover, Deutschland",https://stackoverflow.com/jobs/542162
Senior Backend Engineer,"Metova, Inc.",No office location,https://stackoverflow.com/jobs/548139
Senior Backend Engineer (PHP) - Remote,Insider,No office location,https://stackoverflow.com/jobs/456301
"Senior Software Engineer, UI- Pet Health- R8094","Chewy, Inc.","Minneapolis, MN",https://stackoverflow.com/jobs/513973
"Senior Software Engineer, UI - Pet Health-R8094","Chewy, Inc.","Boston, MA",https://stackoverflow.com/jobs/513971
Fullstack Entwickler (m/w/d) in Hamburg,Computer FuturesviaComputer Futures Solutions GmbH,via,https://stackoverflow.com/jobs/522732
Back-End Developer (i.e. Node.js),Imaginary Cloud,No office location,https://stackoverflow.com/jobs/548437
Mobile APP Developers - Leading Electronics Company,Pyronix,"Doncaster, UK",https://stackoverflow.com/jobs/524940
Java/Spring Fullstack Engineer,"JPMorgan Chase Bank, N.A.","Jersey City, NJ",https://stackoverflow.com/jobs/548944
Solutions Lead & Web Architect (Microsoft Stack) - Remote,BlueModus,No office location,https://stackoverflow.com/jobs/548621
Full Stack Developer with an interest in FinTech,Isabel Group,"Leuven, Belgium",https://stackoverflow.com/jobs/535497
Senior Front End developer,Apicbase Belgium,No office location,https://stackoverflow.com/jobs/526988
Software Development Engineer in Test,SDVI,No office location,https://stackoverflow.com/jobs/219487
Software Engineer - SDVI DevOps,SDVI,No office location,https://stackoverflow.com/jobs/451626
Senior Backend Engineer,"Metova, Inc.",No office location,https://stackoverflow.com/jobs/548139
Senior Front-end Developer,Bloomreach,No office location,https://stackoverflow.com/jobs/529094
Frontend-Entwickler (m/w/d),Heise Knowledge GmbH,"Hannover, Deutschland",https://stackoverflow.com/jobs/542162
Senior Backend Engineer (PHP) - Remote,Insider,No office location,https://stackoverflow.com/jobs/456301
"Senior Software Engineer, UI- Pet Health- R8094","Chewy, Inc.","Minneapolis, MN",https://stackoverflow.com/jobs/513973
"Senior Software Engineer, UI - Pet Health-R8094","Chewy, Inc.","Boston, MA",https://stackoverflow.com/jobs/513971
Fullstack Entwickler (m/w/d) in Hamburg,Computer FuturesviaComputer Futures Solutions GmbH,via,https://stackoverflow.com/jobs/522732
Development Manager / Principal Developer,SilverDoor,"London, UK",https://stackoverflow.com/jobs/526195
Back-End Developer (Integrations),Jibble,No office location,https://stackoverflow.com/jobs/548855
Solutions Lead & Web Architect (Microsoft Stack) - Remote,BlueModus,No office location,https://stackoverflow.com/jobs/548621
Senior Front End developer,Apicbase Belgium,No office location,https://stackoverflow.com/jobs/526988
Senior Software Developer,Property Sync Software Systems,"Spokane, WA",https://stackoverflow.com/jobs/544676
Front-End Developer (React.js) - Platform mananging branded products (Remote),Pentalog,No office location,https://stackoverflow.com/jobs/530836
Software Development Engineer in Test,SDVI,No office location,https://stackoverflow.com/jobs/219487
Software Developer - Frontend Analytics,RaySearch Laboratories AB (publ),"Stockholm, Sweden",https://stackoverflow.com/jobs/524974
Software Engineer – React,LifeOmic,"Indianapolis, IN",https://stackoverflow.com/jobs/519007
Desenvolvedor(a) Full Stack,Globo,"Rio de Janeiro, Brazil",https://stackoverflow.com/jobs/519618
JavaScript UI Software Engineer,"JPMorgan Chase Bank, N.A.","Columbus, OH",https://stackoverflow.com/jobs/542810
Full Stack Mobile Developer (Flutter) (w/m/d),Lotum GmbH,"Frankfurt am Main, Deutschland",https://stackoverflow.com/jobs/526742
Backend Software Engineer - Python,Hubs,"Amsterdam, Netherlands",https://stackoverflow.com/jobs/543394
Full Stack Developer,Clarity Innovations LLC,"Boston, MA",https://stackoverflow.com/jobs/545248
Full Stack Software Engineer,Applied,No office location,https://stackoverflow.com/jobs/547883
Senior Java Full Stack Developer,Seghorn AG,"Bremen, Deutschland",https://stackoverflow.com/jobs/539438
Front End Developer,Greenhost,"Amsterdam, Netherlands",https://stackoverflow.com/jobs/524919
Lead Application Developer-cxLoyalty,"JPMorgan Chase Bank, N.A.","Plano, TX",https://stackoverflow.com/jobs/545438
"Remote Polyglot Software Engineer – TDD, XP, JavaScript",Pragmateam,No office location,https://stackoverflow.com/jobs/523004
Cloud Solution Architect,Frauscher Sensor Technology,"Vienna, Austria",https://stackoverflow.com/jobs/529576
Fullstack Developer (m/w/d) remote,best it GmbH & Co. KG,No office location,https://stackoverflow.com/jobs/512059
Fullstack Engineer 80-100% (f/m/d),Homegate,"Berlin, Germany",https://stackoverflow.com/jobs/543686
UI Software Engineer,"JPMorgan Chase Bank, N.A.","Jersey City, NJ",https://stackoverflow.com/jobs/542561
Senior Backend Engineer (PHP) - Remote,Insider,No office location,https://stackoverflow.com/jobs/456301
Fullstack Entwickler (m/w/d) in Hamburg,Computer FuturesviaComputer Futures Solutions GmbH,via,https://stackoverflow.com/jobs/522732
Software Engineering Manager - Take Our Dev Team to the Next Level,Digital Masterplanning,No office location,https://stackoverflow.com/jobs/546742
product software engineer,AE nv/sa,"Leuven, Belgium",https://stackoverflow.com/jobs/523550
Senior Front End developer,Apicbase Belgium,No office location,https://stackoverflow.com/jobs/526988
Senior Java Full Stack Developer,Seghorn AG,"Bremen, Deutschland",https://stackoverflow.com/jobs/539438
Senior Software Engineer,uShip,"Austin, TX",https://stackoverflow.com/jobs/537938
Senior Backend Developer PHP (m/f/d),internetstores GmbH,"Stuttgart, Deutschland",https://stackoverflow.com/jobs/541292
Software Development Engineer in Test,SDVI,No office location,https://stackoverflow.com/jobs/219487
Front end Data Visualisation Engineer,Neo4j,"London, UK",https://stackoverflow.com/jobs/501802
Senior Developer .NET,Lobster Ink Technologies,"Amsterdam, Netherlands",https://stackoverflow.com/jobs/542128
Frontend Entwickler (m/w/d),MT AG - enabling the adaptive enterprise,"Ratingen, Deutschland",https://stackoverflow.com/jobs/518379
PHP Developer,Slido,No office location,https://stackoverflow.com/jobs/547889
Senior React Developer (m/w/d),reppa.net GmbH,"München, Deutschland",https://stackoverflow.com/jobs/365543
Web-Engineer Ruby on Rails 80-100% (m/w/d),Stier & Partner,"Zürich, Schweiz",https://stackoverflow.com/jobs/540167
Softwareentwickler ERP (m/w/d) Oracle Developer (m/w/d),Häcker Küchen GmbH & Co. KG,"Rödinghausen, Deutschland",https://stackoverflow.com/jobs/537046
Senior PHP Software Developer,Takeaway.com,"Sofia, Bulgaria",https://stackoverflow.com/jobs/523480
Fullstack Developer (m/w/d),OBI Group Holding SE & Co. KGaA,"Köln, Deutschland",https://stackoverflow.com/jobs/533992
Full Stack Technical Lead,SSENSE,"Toronto, ON, Canada",https://stackoverflow.com/jobs/516156
Lead Application Developer-cxLoyalty,"JPMorgan Chase Bank, N.A.","Plano, TX",https://stackoverflow.com/jobs/545438
Remote: Contract Senior Frontend Engineer,The Sensible Code Company,"Belfast, UK",https://stackoverflow.com/jobs/530338
Front-end Developer,HOTMART,"Belo Horizonte, Brazil",https://stackoverflow.com/jobs/526776
Software Developer,Green Street,"Newport Beach, CA",https://stackoverflow.com/jobs/546746
Fullstack Developer (m/w/d) remote,best it GmbH & Co. KG,No office location,https://stackoverflow.com/jobs/512059
Senior Java fejlesztő,UNIQA Raiffeisen Software Service Kft.,"Budapest, Ungarn",https://stackoverflow.com/jobs/515490
Frontend Engineer 80-100% (f/m/d),Homegate,"Berlin, Germany",https://stackoverflow.com/jobs/543689
Frontend Entwickler (m/w/d),MT AG - enabling the adaptive enterprise,"Ratingen, Deutschland",https://stackoverflow.com/jobs/518379
Front End Software Engineer (602),"JPMorgan Chase Bank, N.A.","Plano, TX",https://stackoverflow.com/jobs/542778
Test Automation Engineer,Imaginary Cloud,No office location,https://stackoverflow.com/jobs/548761
Softwareentwickler ERP (m/w/d) Oracle Developer (m/w/d),Häcker Küchen GmbH & Co. KG,"Rödinghausen, Deutschland",https://stackoverflow.com/jobs/537046
Information Security Developer,Computer FuturesviaComputer Futures US,via,https://stackoverflow.com/jobs/525586
Fullstack Developer (m/w/d),best it GmbH & Co. KG,"Amstetten, Österreich",https://stackoverflow.com/jobs/512061
Senior Software Engineer,uShip,"Austin, TX",https://stackoverflow.com/jobs/537938
Fullstack Developer (m/w/d),best it GmbH & Co. KG,"Berlin, Deutschland",https://stackoverflow.com/jobs/368833
Go Developer,Pensionera Förmedling i Sverige AB,"Stockholm, Sweden",https://stackoverflow.com/jobs/535317
Senior Backend Developer PHP (m/f/d),internetstores GmbH,"Stuttgart, Deutschland",https://stackoverflow.com/jobs/541292
C#.Net Software Engineer - cxLoyalty,"JPMorgan Chase Bank, N.A.","Plano, TX",https://stackoverflow.com/jobs/547823
Senior Full Stack Engineer - Cyber Security,Myra Security GmbH,"München, Deutschland",https://stackoverflow.com/jobs/466848
Software Engineer - Frontend,adidas Zaragoza Tech Hub,"Zaragoza, Spain",https://stackoverflow.com/jobs/500197
Fullstack Applications Developer (Always Remote),Fresh Technology,No office location,https://stackoverflow.com/jobs/547949
JavaScript UI Software Engineer,"JPMorgan Chase Bank, N.A.","Columbus, OH",https://stackoverflow.com/jobs/542810
Full Stack Mobile Developer (Flutter) (w/m/d),Lotum GmbH,"Frankfurt am Main, Deutschland",https://stackoverflow.com/jobs/526742
Junior Frontend Web Developer,Network Guard,Hong Kong,https://stackoverflow.com/jobs/527724
"Senior fullstackutvecklare till Cygni, part of Accenture","Cygni, part of Accenture","Stockholm, Sweden",https://stackoverflow.com/jobs/447405
Software Engineering,"JPMorgan Chase Bank, N.A.","Columbus, OH",https://stackoverflow.com/jobs/544734
Senior UI Developer interested in collaborative hardware development,Wikifactory,No office location,https://stackoverflow.com/jobs/448569
Frontend Developer Squla,Futurewhiz,"Amsterdam, Netherlands",https://stackoverflow.com/jobs/529180
Senior Developer,EVS llc,"Westminster, CO",https://stackoverflow.com/jobs/529103
Full Stack Developer - Node.js,zooplus AG,"Madrid, Spain",https://stackoverflow.com/jobs/529745
Software Engineer - SDVI DevOps,SDVI,No office location,https://stackoverflow.com/jobs/451626
ARCHITECTE SI (F/H),Octo Technology,"Paris, France",https://stackoverflow.com/jobs/445451
"Remote Polyglot Software Engineer – TDD, XP, JavaScript",Pragmateam,No office location,https://stackoverflow.com/jobs/523004
Frontend Developer (w/m/d),zeb.it,"Münster, Deutschland",https://stackoverflow.com/jobs/522550
Flutter Developer,Pensionera Förmedling i Sverige AB,"Stockholm, Sweden",https://stackoverflow.com/jobs/548068
Senior Frontend Developer,WirelessCar,"Göteborg, Sweden",https://stackoverflow.com/jobs/521149
Experienced Frontend Web Engineer,Scoville,"Shibuya City, Japan",https://stackoverflow.com/jobs/513039
Senior Software Engineer / Developer Java (f/m/d) | on-site or remote,Best Secret GmbH,"München, Deutschland",https://stackoverflow.com/jobs/544518
Senior Full Stack Developer,AutoRek,"Edinburgh, UK",https://stackoverflow.com/jobs/520638
Lead Frontend Developer,ABOUT YOU GmbH & Co. KG,"Hamburg, Deutschland",https://stackoverflow.com/jobs/396067
Softwareentwickler (w/m/d) High Power Charger,Siemens AG,"Leipzig, Germany",https://stackoverflow.com/jobs/531998
"Lead Polyglot Software Engineers – TDD, XP, JavaScript",Pragmateam,"Sydney, Australia",https://stackoverflow.com/jobs/519292
Go Developer,Pensionera Förmedling i Sverige AB,"Stockholm, Sweden",https://stackoverflow.com/jobs/535317
Web Systems Engineer - HPC Products,DUG Technology,"West Perth, Australia",https://stackoverflow.com/jobs/528138
"Software Engineer, Backend [US App]",Mercari,"Minato City, Japan",https://stackoverflow.com/jobs/471997
Senior Software Engineer .NET (m/w/d),ti&m AG,"Frankfurt am Main, Deutschland",https://stackoverflow.com/jobs/522249
"Senior .Net Software Developer, Team Lead",Geotab,No office location,https://stackoverflow.com/jobs/529109
Full Stack Developer (m/w/d),CAS AG,"Hamburg, Deutschland",https://stackoverflow.com/jobs/524589
Remote Ruby on Rails Developer (US or Canada),BiTE interactive,No office location,https://stackoverflow.com/jobs/518364
Fullstack Developer,funda,"Amsterdam, Netherlands",https://stackoverflow.com/jobs/517353
Seeking a Digital da Vinci Hellbent on UX Perfection,Ringba,No office location,https://stackoverflow.com/jobs/541520
Fullstack Developer (m/w/d),best it GmbH & Co. KG,"Berlin, Deutschland",https://stackoverflow.com/jobs/368833
Software Engineering,"JPMorgan Chase Bank, N.A.","Columbus, OH",https://stackoverflow.com/jobs/543836
Web Developer,Domino's Pizza,No office location,https://stackoverflow.com/jobs/541500
Senior Software Engineer .NET (m/w/d),ti&m AG,"Frankfurt am Main, Deutschland",https://stackoverflow.com/jobs/522249
Full Stack Java Entwickler (m/w/d) EGP-Framework,Atruvia AG,"Karlsruhe, Deutschland",https://stackoverflow.com/jobs/539162
Full Stack Developer,Rakettitiede,"Helsinki, Finland",https://stackoverflow.com/jobs/522743
Full Stack Developer Automotive Visualization (m/f/d),Audi Business Innovation GmbH,"München, Deutschland",https://stackoverflow.com/jobs/538335
Frontend Developer Squla,Futurewhiz,"Amsterdam, Netherlands",https://stackoverflow.com/jobs/529180
Senior Front End Developer | Angular,Soul Machines Limited,"Auckland, New Zealand",https://stackoverflow.com/jobs/539335
ARCHITECTE SI (F/H),Octo Technology,"Paris, France",https://stackoverflow.com/jobs/445451
"Associate Software Engineer, IoT and Android",Security and Safety Things GmbH (A Bosch IoT Start-Up),"Pittsburgh, PA",https://stackoverflow.com/jobs/545186
Senior Frontend Developer,Scripbox,"Bengaluru, India",https://stackoverflow.com/jobs/190175
Lead Software Engineer Java (f/m/d) | on-site or remote,Best Secret GmbH,"Aschheim, Deutschland",https://stackoverflow.com/jobs/536107
Frontend Developer (w/m/d),zeb.it,"Münster, Deutschland",https://stackoverflow.com/jobs/522550
Flutter Developer,Pensionera Förmedling i Sverige AB,"Stockholm, Sweden",https://stackoverflow.com/jobs/548068
Front-end Developer,Brainomix,"Oxford, UK",https://stackoverflow.com/jobs/516349
Experienced Frontend Web Engineer,Scoville,"Shibuya City, Japan",https://stackoverflow.com/jobs/513039
Engineering Team Lead (Core Engineering) at SaaS Healthcare Company,The Jellyvision Lab Inc.,No office location,https://stackoverflow.com/jobs/538132
Frontend Developer (m/w/d) - Experience Design & Mobile,Deloitte Deutschland,"Düsseldorf, Deutschland",https://stackoverflow.com/jobs/535281
Senior Full Stack Software Engineer,Samotics,"Leiden, Netherlands",https://stackoverflow.com/jobs/516831
Lead Ruby on Rails Engineer - Remote,BiTE interactive,No office location,https://stackoverflow.com/jobs/518363
Lead Front End Engineer,The LEGO Group,"Billund, Denmark",https://stackoverflow.com/jobs/527013
Full Stack Java Entwickler (m/w/d) EGP-Querschnitts­anwendungen,Atruvia AG,"Karlsruhe, Deutschland",https://stackoverflow.com/jobs/539167
Senior Software Engineer,NowPow,"Chicago, IL",https://stackoverflow.com/jobs/546348
Remote Experienced Frontend Engineer - React,"Theorem, LLC",No office location,https://stackoverflow.com/jobs/545691
Senior React Engineer NYC,"Clinical.ly, Inc.",No office location,https://stackoverflow.com/jobs/519607
Full Stack Engineer,SimpleNexus LLC,No office location,https://stackoverflow.com/jobs/523006
Lead Ruby on Rails Engineer - Remote,BiTE interactive,No office location,https://stackoverflow.com/jobs/518363
Applikations-Entwickler*in Schwerpunkt SharePoint (w/m/d),HENSOLDT,"Oberkochen, Deutschland",https://stackoverflow.com/jobs/529093
Software Development Architect (gn) C# / .NET,SoftwareONE Deutschland GmbH,"Leipzig, Germany",https://stackoverflow.com/jobs/526080
"Associate Software Engineer, IoT and Android",Security and Safety Things GmbH (A Bosch IoT Start-Up),"Pittsburgh, PA",https://stackoverflow.com/jobs/545186
"Développeur .Net (possibilité de télétravail à 100%, partout au Québec)",Grics,"Montréal, QC, Canada",https://stackoverflow.com/jobs/521899
Lead / Senior Frontend Web Developer,Network Guard,Singapore,https://stackoverflow.com/jobs/527720
Medium-level/Senior Frontend Developer,memoQ,"Budapest, Hungary",https://stackoverflow.com/jobs/524487
Backend Java Developer,Tradeshift,"București, Romania",https://stackoverflow.com/jobs/533090
Senior Frontend Engineer | Angular or React | Barcelona,Dynatrace,"Barcelona, Spain",https://stackoverflow.com/jobs/546676
Lead Front End Engineer,The LEGO Group,"Billund, Denmark",https://stackoverflow.com/jobs/527013
Web Developer Trainer / Coach (Antwerpen),BeCode VZW,"Antwerpen, Belgium",https://stackoverflow.com/jobs/215193
Web Developer,Domino's Pizza,No office location,https://stackoverflow.com/jobs/541500
Full Stack Developer:in lexoffice (m/w/d),Haufe Group,"Freiburg im Breisgau, Germany",https://stackoverflow.com/jobs/455781
Principal Software Engineer (Python/APIs),Belvo Technologies,No office location,https://stackoverflow.com/jobs/546720
Senior Java Developer,Worldline,"Stockholm, Sweden",https://stackoverflow.com/jobs/504950
Senior Full Stack Software Engineer,Samotics,"Leiden, Netherlands",https://stackoverflow.com/jobs/516831
Engineering Manager - CWM Tools,Supermetrics Oy,No office location,https://stackoverflow.com/jobs/537605
Senior Software Engineer,NowPow,"Chicago, IL",https://stackoverflow.com/jobs/546348
Senior / Lead Java Developer (m/w/x),Ray Sono AG,"München, Deutschland",https://stackoverflow.com/jobs/544638
Fullstack Software Engineer,Outschool,No office location,https://stackoverflow.com/jobs/529712
Software Engineer - C# .NET,"JPMorgan Chase Bank, N.A.","Jersey City, NJ",https://stackoverflow.com/jobs/542946
Senior Front-End Engineer (Canada),Fullscript,No office location,https://stackoverflow.com/jobs/545358
SalesForce Backend Engineer,BESTSELLER Tech,"Amsterdam, Netherlands",https://stackoverflow.com/jobs/543681
Senior Front-End Engineer (Canada),Fullscript,No office location,https://stackoverflow.com/jobs/545358
Frontend Software Engineer - Porto,eDreams ODIGEO,"Porto, Portugal",https://stackoverflow.com/jobs/545253
Sr SWE I (React),Flashpoint,No office location,https://stackoverflow.com/jobs/533446
LMAX Software Developer (Core Java),LMAX Group,"London, UK",https://stackoverflow.com/jobs/181651
Software Development Architect/Lead Developer (gn) Java,SoftwareONE Deutschland GmbH,"Leipzig, Germany",https://stackoverflow.com/jobs/526082
Laravel Jedi,Creative Force Ltd,No office location,https://stackoverflow.com/jobs/527987
FRONTEND React JS Lead/Senior Developers; 3 Day Weekend; Distributed Team,Laminar,No office location,https://stackoverflow.com/jobs/500256
Data Science and Analytics Engineer,MITRE,"McLean, VA",https://stackoverflow.com/jobs/523959
Hackers wanted - UI/UX Engineer (m/f/d),freiheit.com technologies,"Hamburg, Deutschland",https://stackoverflow.com/jobs/91520
Senior Full-Stack Engineer with Node.js - Tradeshift Go,Tradeshift,"Bucharest, Romania",https://stackoverflow.com/jobs/526924
Senior Software Engineer - Analytics,NowPow,"Chicago, IL",https://stackoverflow.com/jobs/543606
Backend Developer PPaaS H/F,Worldline,"Paris, France",https://stackoverflow.com/jobs/521806
QA Engineer / Ingénieur QA,BuyCo,"Marseille, France",https://stackoverflow.com/jobs/530329
Softwareentwickler (m/w/d) Smart Building,Goldbeck GmbH,"Bielefeld, Deutschland",https://stackoverflow.com/jobs/549079
"Back End Engineer (Node, AWS)",Modus Create,No office location,https://stackoverflow.com/jobs/546740
Senior Front End Developer,Cloudwise B.V.,"Woerden, Netherlands",https://stackoverflow.com/jobs/541477
Software Engineer – Cloud Solutions,"Emerson, Sweden","Mölnlycke, Sweden",https://stackoverflow.com/jobs/529731
Front-end Flutter Engineer (Accounts Team),funda,"Amsterdam, Netherlands",https://stackoverflow.com/jobs/543552
Senior Backend Engineer - Location Flexible,"Volusion, LLC",No office location,https://stackoverflow.com/jobs/443231
"Frontend Engineer, Web",Aaqua,Singapore,https://stackoverflow.com/jobs/493601
Lead (Senior) Developer Security Compliance Automation Services (f/m/d),SAP,"Walldorf, Germany",https://stackoverflow.com/jobs/546684
Staff Frontend Software Engineer (US Only),"Pie Insurance Holdings, Inc.",No office location,https://stackoverflow.com/jobs/545528
Software Engineer II,"Wikimedia Foundation, Inc.",No office location,https://stackoverflow.com/jobs/541529
Senior Software Development Engineer,Capital Group,"Seattle, WA",https://stackoverflow.com/jobs/538622
Senior Salesforce Developer,California Society of CPA's,No office location,https://stackoverflow.com/jobs/529271
Data Engineer/ Working Student (m/f/d),Motius GmbH,"München, Deutschland",https://stackoverflow.com/jobs/540208
Product Owner - Plateforme Alpha (H/F),ENGIE Digital,"Paris, France",https://stackoverflow.com/jobs/535038
Technical Product Manager,MUFG,"Charlotte, NC",https://stackoverflow.com/jobs/530188
"Développeur C# C++ (possibilité de télétravail à 100%, partout au Québec)",Grics,"Montréal, QC, Canada",https://stackoverflow.com/jobs/521898
Full Stack Engineer,Capital Group,"Seattle, WA",https://stackoverflow.com/jobs/538623
フロントエンドエンジニア,HENNGE K.K.,"Tokyo, Japan",https://stackoverflow.com/jobs/381284
Senior Full-Stack Developer,Lastmile Retail,No office location,https://stackoverflow.com/jobs/523843
Senior Software Engineer,Beast Code,"Fort Walton Beach, FL",https://stackoverflow.com/jobs/541115
Senior Software Developer,SSENSE,"Montreal, QC, Canada",https://stackoverflow.com/jobs/521747
Full Stack Developer,Enovational,"Washington, DC",https://stackoverflow.com/jobs/173771
Senior Software Developer,SSENSE,"Toronto, ON, Canada",https://stackoverflow.com/jobs/521748
Senior Front-end Developer (Remote),SORAMITSU,"Innopolis, Russia",https://stackoverflow.com/jobs/522571
Frontend Developer to build the leading Platform for ML,Hugging Face,"Paris, France",https://stackoverflow.com/jobs/448344
Software Developer / Product Owner,Knowit,"Gothenburg, Sweden",https://stackoverflow.com/jobs/473444
Software Developer (remote or onsite),Aptera Software,"Fort Wayne, IN",https://stackoverflow.com/jobs/455016
Senior Software Engineer,SimpleNexus LLC,No office location,https://stackoverflow.com/jobs/523125
Quality Assurance Engineer (m/f/d) - onsite or remote in Germany,ABOUT YOU GmbH & Co. KG,"Hamburg, Deutschland",https://stackoverflow.com/jobs/548067
Java-Softwareentwickler (w/m/d),parcIT GmbH,"Köln, Deutschland",https://stackoverflow.com/jobs/524114
Experienced Front End Engineer,AE nv/sa,"Leuven, Belgium",https://stackoverflow.com/jobs/523553
TECH LEAD (F/H),Octo Technology,"Paris, France",https://stackoverflow.com/jobs/445447
Développeur Angular / Java,Digital4Better,"Paris, France",https://stackoverflow.com/jobs/515925
React Developer,"Jogg, Inc","Glendale, CA",https://stackoverflow.com/jobs/531585
DevOps Cloud Engineer m/w/d,MARC O'POLO International GmbH,"Stephanskirchen, Deutschland",https://stackoverflow.com/jobs/519984
Software Engineer - Full Stack (Mid-Senior),Olo,No office location,https://stackoverflow.com/jobs/448572
Technical Lead,Think Company,No office location,https://stackoverflow.com/jobs/545065
